<?xml version="1.0" encoding="UTF-8"?>

<!DOCTYPE struts PUBLIC
        "-//Apache Software Foundation//DTD Struts Configuration 2.5//EN"
        "http://struts.apache.org/dtds/struts-2.5.dtd">

<struts>
	<constant name="struts.enable.DynamicMethodInvocation" value="false"/>
    <constant name="struts.devMode" value="false"/>
    <constant name="struts.custom.i18n.resources" value="ApplicationResources" />
 
    <package name="default" extends="struts-default" namespace="/">
    	<action name="index">
            <result>/index.jsp</result>
      	</action>
    	<action name="hello" class="action.HelloWorldAction" method="execute">
            <result name="success">/HelloWorld.jsp</result>
    	</action>
    </package>
</struts>